,Trddt,const,beta,BP,earningsfactor,leveragefactor,RSTR,Non-Linear Size,residualvolatilityfactor,Size,A01,A02,A03,A04,A05,B06,B07,B08,B09,B10,B11,C13,C14,C15,C17,C18,C19,C20,C21,C22,C23,C24,C25,C26,C27,C28,C29,C30,C31,C32,C33,C34,C35,C36,C37,C38,C39,C40,C41,C42,D44,D45,D46,E47,E48,E49,E50,F51,F52,G53,G54,G55,G56,G57,G58,G59,G60,H61,H62,I63,I64,I65,J66,J67,J68,J69,K70,L71,L72,M73,M74,N77,N78,P82,Q83,R85,R86,R87,R88,S90,num
0,2013-04-01,-0.021555118333645366,0.00034765431449393337,-0.0009414413191176775,-0.005748106991049346,-0.0004336466318884684,0.0006183563081331011,-0.011612235374941528,-0.0032924473397511534,0.01729873333899213,-0.02608263732380936,1.0558416249898724e-16,-0.028580384211409446,-0.03173282508564474,-0.048249081293983934,-0.048648050797850666,-0.03826728806993905,0.1314593358662396,-0.06447679396111566,-2.207011876923083e-17,-0.04291682166079248,0.01926806262358547,-0.052715019293710905,-0.001654963316391016,-0.005495038661286288,-0.06668413678884091,-0.008384568840962302,0.024794097441919804,-0.024493385730129325,0.0008392011777341099,-0.001513959370006878,0.12715580224271014,-0.02966925148043612,-0.010530939984795333,-0.02792935968646651,-0.029800774040443047,-0.006123372621531933,0.017727179115091564,0.0030026086635758275,-0.031851063907543345,0.009750656809263111,-0.04333987188742264,-0.022708675086199545,0.07053242372832767,-0.016731076921964724,0.008795384816888473,0.014167119456357317,-0.046192100004996337,-0.04364129268813044,-1.1247596663626406e-16,-0.036374418056528045,-0.02043751575620453,-0.032908249181142435,-9.26636695082921e-18,0.016789536795840936,-1.615060080287411e-17,0.07798545616040722,-0.00045886319374080584,-0.032777365692172766,-0.04593356626564841,-0.0007390268515841117,-0.003984383909337633,-0.0055346823419319124,6.810833484693022e-18,-0.03309320584837766,0.0009331234987395264,-0.12941885604573206,-0.054847687694420305,-0.06248738961946991,0.048329540206041306,0.16214502127618496,0.020152529918818343,0.0033714600058365567,0.048343728291933216,-0.02139534589399928,0.2127203863659481,0.037638693315917376,0.07972546718924083,0.042577407851513246,-9.785004690042507e-36,0.00684743175371307,0.010346610685560071,-0.018800723740632387,0.0,-0.036418978802280746,0.000743649236552347,0.13314489424415718,-0.034969684045953936,0.0,0.018150748583216445,1410
1,2013-05-01,0.1492898798524122,0.003747113217894547,-0.01753155511401874,-0.0023414871480791194,-0.000456083567531952,0.007814484104435929,-0.06702641775159857,0.004270256346409682,0.04138207648302466,-0.010024441299954077,2.7786924493336004e-16,0.031048177044309875,-0.11204619064946128,-0.11168346224844827,-0.06702471559756588,-0.05005065834993832,-0.04472979893255034,-0.06457504849159725,-3.7924624847758723e-16,0.06930669595232136,-0.040602118778950126,-0.0788296444093449,0.008456521170422069,-0.023638670072974228,-0.028322814151520628,-0.07547483924226535,-0.0823798469490569,-0.0021464330719429964,-0.012036507792890332,0.023485370727697408,0.007841958097385984,0.012763694519529863,-0.05315314193193038,-0.021714806651112785,-0.020354871149832608,-0.024232542066899104,-0.025956488907507416,-0.03390331573713252,-0.05560088527438292,0.004819476488236947,0.03533871669451296,-0.019258767894220038,0.040337140509096245,0.057499444484832164,0.022672137673522073,0.03673729960669346,0.04681213511679149,-0.09118062519382948,0.16596431641288784,-0.010284623833204576,-0.020462972729002674,0.0001008285274445922,-5.6480206656288284e-18,0.042972693373105254,1.8907591548744187e-17,0.059140753603533325,-0.009590217876612387,-0.021583091312785484,-0.058479054947868564,-0.027266019425021652,-0.035714660000727524,-0.026537201258913026,-5.264587396742259e-19,0.17996303493285612,0.18349145276256112,0.03605442283786339,0.005038836223388871,-0.017538579762011817,0.06238438289316286,0.08191981014854868,0.04001707378295022,-0.02324190526911324,-0.013739670518598195,-0.08509339763537502,0.06209051183108352,0.020953451979242727,-0.04610255596672001,-0.011465072281981431,1.0572420112656829e-17,0.016919596597604225,0.1402701897354538,0.008063711497165185,0.0,0.014057346909814111,-0.019319731199472587,0.20833962980975518,-0.06914412207058322,0.0,0.0689125788419408,1520
2,2013-06-01,-0.15120240233793597,-0.01868383072196084,-0.0170490483101933,-0.0037061618657831252,0.0014098864290225097,0.008720994110389419,-0.0077007069387652685,-0.02108127438781674,0.024099925425456976,-0.07498299204249857,-9.302216303365809e-17,-0.08614587898865808,-0.04967931659820541,-0.06357102712132016,-0.0656364356322599,-0.03429045438804994,-0.0678340336763903,-0.12407837588355827,-3.719884129023778e-17,0.012176762514106283,-0.034956454860096395,0.09712048062223251,0.02858490176845857,0.005527111768816168,-0.028526757917224015,-0.005984548856855981,0.029770147336964203,-0.026728546375202875,0.009372828531619873,0.01751843761621924,0.2721261872536295,0.2849817622271303,-0.027224374573008123,-0.008327128134346188,0.05878693614959943,0.03187525560479602,-0.016331037269477894,-0.022939867870875034,-0.07915588112757249,-0.004270600125432935,0.023786222577172517,-0.031648837200425425,-0.01843216681811458,-0.05922234921300927,0.014368485719089368,0.03185670521042246,0.07256545854199804,-0.021819609139344946,-0.058741227558729826,-0.008814359480599564,0.025078932181535594,-0.08013767444988641,-1.4968838974829447e-16,-0.010573708280516965,1.1552801681800316e-16,0.043473733872026625,-0.00487715282342548,-0.008268855698130271,-0.011357930709400332,0.030766494986299173,-0.02707647418425018,-0.031810249026159546,-1.0180014172770272e-17,-0.11452261535457739,-0.059974326537142006,-0.08432411752966824,0.04453882317248013,-0.11388201804054962,0.07735569887690341,0.18123484961663308,0.06184324749752449,0.045021281251138884,-0.08162938073044593,-0.04121136443006152,-0.08742174564614523,-0.004123827150654404,0.0775164963939672,0.024814585726973835,1.0015499242410272e-18,-0.057372471308408675,-0.008466622760425379,-0.04178779084041648,0.0,0.004636242829220885,0.14056626079243684,0.022551734851572993,-0.023326908004360707,0.0,-0.00953097347302376,1576
3,2013-07-01,0.07733602950242441,-0.001160417314367987,0.006838765243045351,-0.001283253420916812,-0.011791168336519242,-0.002692311902396564,0.0047257633713964796,-0.010450439625031904,-0.01575761697113633,-0.04366936028075407,2.7563555214350827e-16,0.008446680994305164,-0.09547216065834567,-0.005515118667880271,-0.057556314912635624,0.004845705444624565,-0.08328660217980313,-0.010609330096401361,1.0868338817204801e-16,0.04148449974753447,-0.027597150524566603,0.07019621790015751,-0.09818698340483127,-0.06146231462325606,-0.0522997868048548,0.011342880915093237,-0.03699149484299136,-0.10544442685590928,0.05549248206764978,0.21711192695937076,0.15632018196498684,-0.0800844561340981,-0.008488764132390783,0.0460183901694975,-0.0030028807043596673,-0.018776851405824226,-0.023424268166453675,-0.08383905852107176,-0.022342242252802205,-0.014953307113535926,0.01563871249655184,-0.03179701472760122,-0.07475058093496578,0.027232834288611084,-0.009960944663830134,0.029780744968573164,-0.01282614809918221,0.0034226025694289383,0.17394854038338753,-0.0337062881162382,-0.08359793558235888,0.02108068900659893,-1.3262827632109181e-17,-0.03532610950826394,-9.793543636661975e-17,-0.1555870819395762,0.03613552184954492,-0.03844729188344076,-0.04200671911593171,-0.0819817960619803,-0.06098684679974361,-0.10167248688190661,7.499938100603175e-17,0.0031558912882722195,0.03335430363647239,-0.020399432034158293,0.015310072174150938,0.007972199604659704,0.009097436510364357,0.10089845227378472,0.09084355651862612,-0.09227339450550583,0.0035785733409869963,-0.08490020845804126,-0.02846921938220219,-0.03128732433475812,0.046727486964198,0.0327499995554799,-4.676853495377582e-17,0.00706413665287621,0.09917153130672918,0.04412611538565396,0.0,0.06194683064043139,0.042665947914624455,0.28475222918863813,0.21806404456072115,0.0,0.010338305572290193,1621
4,2013-08-01,0.09726787438432148,0.010729263360109147,0.006105980988310449,-0.006428919515299251,-0.0006435698682983214,-0.023645705240063042,0.0483893962639935,0.002774704471060485,-0.05440172617005678,-0.0226653264835317,2.2170611068555522e-16,-0.02570706961982893,0.04910287507865524,-0.049414530316750374,-0.031169996762869825,-0.06307869704303642,-0.049334071645790095,-0.019749220130991212,7.380280158029996e-17,-0.018451360807439005,-0.06190363573209802,0.0005736633633891541,-0.06607824460478508,-0.03183173314401376,-0.025351715936436862,0.04425489671561688,-0.06164148007333514,0.045101811953210905,-0.05297807984971621,0.10311725971278832,-0.0895930022937058,-0.06703231417196803,-0.016563759609485203,-0.059852709570872534,0.009044736166754731,-0.05858423930881469,-0.04523432650902342,-0.05307528234145072,-0.008432592176747952,-0.009931786518700945,-0.03086830175218578,-0.048104402094455725,0.02052942568654087,-0.05098054591138582,-0.010349401522820259,0.00806335556747565,-0.06897082091244751,0.0380713931333625,-0.09016978976333354,-0.0551880180871252,-0.012719164889699569,-0.08755610845230795,2.8285856662307785e-17,-0.08472598047910092,-6.485175603687309e-17,-0.01560034682020044,0.12471753640562244,0.06085356355421396,0.04374192706200723,0.11765284021962637,0.4358784936149006,0.039665912648194274,4.892527752628915e-17,0.10788938258910705,0.19855482377367645,-0.04693579622768882,0.20087859982278713,-0.0809061868910836,-0.06314371457475265,0.08629556529530756,0.053784494767463206,-0.020497631045667646,-0.07876176123390498,-0.02086847586510231,0.23274930057741944,0.01848337090622669,0.06846256017556099,0.034542452850398704,-2.1827409606691492e-17,-0.0052625227255517736,-0.15613698543127946,-0.03121020626432857,0.0,-0.0018833836383452332,-0.019524219460502385,0.08229192616396513,-0.10996022005193903,0.0,0.050944865326649845,1662
5,2013-09-01,0.0768294134537316,0.0002251028945904033,0.015063137311272744,-0.01709602353485619,0.02345776038234164,0.04271995549362452,-0.01143959789089595,0.02259091382273076,0.022360107475572183,0.36186887380217986,4.810413202209813e-17,-0.0009853871462122549,-0.07821779064860743,-0.07939416131762529,-0.07827258346482854,-0.052786800355293165,-0.09686124765912646,-0.12094260135557883,1.5573787369020354e-16,-0.02727985312209833,0.12713375905109117,0.11790270351599362,-0.10704443099458001,-0.027963402625272277,0.09909946231379971,-0.04544728172893803,-0.0137767457534851,0.11677940834604045,-0.03710386583811552,0.008849580188021962,0.13877930777680547,-0.09069851232592825,-0.06247127572059334,-0.004148473274250868,-0.07518027361719369,-0.027086796128589382,-0.06275789633485108,-0.09282048617136696,-0.09290763848969899,-0.01612833581448881,-0.014990142055269341,-0.0048150442650296095,-0.024018557110540482,-0.10064730922019624,-0.002808530862834464,-0.043496804717274615,0.06589575304560358,0.028828243446906227,-0.13075172159554294,-0.0744429225116939,-0.04991026374985863,-0.0815118408065283,-8.502463791712669e-17,-0.07444792455103842,1.5937046820160306e-16,-0.11569824938223006,0.3569005426259165,0.23338789041333668,0.027578184117842287,-0.045139935089086244,-0.1104945883275404,-0.08405796661909877,2.4429915230500186e-17,-0.16719323361667382,-0.11497306633093915,-0.04093364752908389,-0.09953004785236078,0.14921198934056729,0.18481451737986576,0.06374914890267444,-0.006497474058385397,0.01583003094948389,-0.039163471619681076,-0.036175206667097407,-0.007542750661443179,-0.11493875740720146,-0.015053445401829749,0.11507829488866356,-5.408756518882644e-18,-0.009667676474468617,-0.058165522606791725,0.12156696485123569,0.0,0.04139751720159023,0.2152355075375987,0.2915682684714538,0.1897847108623259,0.0,-0.03706930459882475,1699
6,2013-10-01,-0.011897728790500816,-0.0052597352712924605,0.006403639402680903,0.014870114706339137,-0.0020792817824649605,-0.015380460364065266,0.04045856251466177,-0.0015906000078583977,-0.050134586063664055,0.11730580487634384,-9.396255511190772e-17,-0.013367671652203095,0.07864822656236116,-0.07721547157484764,-0.04804765818174698,0.017655506451236862,-0.04923749340303607,-0.06180471784915974,-1.289454642079909e-16,0.20199118273649896,0.035476927905435045,0.0007565442792251916,-0.0407160254895567,-0.004400914391799524,0.00981576977777627,-0.0279931200649242,0.006875358622829896,0.04572625540769292,0.011468302757403171,-0.03782686607495755,-0.029404525917839968,0.017165247041581358,-0.01259903756850356,-0.02959299687953852,-0.028368853108722974,-0.02668904585350113,0.009434228992109953,-0.03484223487503943,-0.04825446768873405,0.026076474118176683,-0.008416048981592969,0.011774935381270465,0.028261824463193776,0.06870735706643166,0.04905446161477933,-0.021096382454981875,0.06711368487343274,0.04542452095507818,-0.050767377940668455,0.029549364696759797,0.0508914562319939,0.10034874197613536,6.518582009633579e-17,-0.016401759991745726,-2.0080364292968388e-17,4.389661804378008e-05,-0.016003083446013727,-0.04442918411148314,0.014370458443773763,0.004186378485291291,0.006702699659775862,-0.028133700926518256,-3.255516657951296e-17,0.28703049351327375,-0.024884216925050922,-0.030592490043995845,-0.016914411040725524,0.0028009800660825715,-0.07382088818787,-0.08211938908570807,0.01554302595497287,0.004621660569849661,0.0002841536268808863,0.03293665607614661,-0.06892271201600353,-0.031133745237600447,-0.0660624853793349,-0.031834380797310574,4.618869054188215e-20,-0.007965461270199347,0.13003629837708577,-0.016024774052822197,0.0,0.02603983498598745,-0.11816267590223006,-0.18963449496161186,-0.03895292770959274,0.0,-0.013382750918238692,1718
7,2013-11-01,0.08227691768578027,0.005679744620865425,-0.0013690118177409095,-0.0002303598372792124,-0.004604410431353409,-0.0028597424265343827,-0.026584016870419513,-0.0014927338207685657,0.007753368621667494,0.016303340278701523,-6.913522484412557e-18,0.030339010153972945,-0.025608073313205214,0.011217805796543322,0.0005072195797045723,0.0039179880602203485,-0.032112333051258754,-0.037239777720056794,6.430273430076699e-17,0.029773184047172378,-0.019709195995137024,-0.010927919994816796,0.0009474558485169449,-0.03620958193816277,-0.002745440140796824,0.007576298583879253,-0.05959438820038682,-0.06182559385465214,-0.02292953206242425,0.025464037481175938,0.005590555956735226,-0.02927876776823815,0.022877186454338456,-0.025545941992161793,-0.05501772112410197,-0.0015260437769200417,0.025652387252562664,0.009442336654554212,-0.015347317495042291,-0.002898522601811348,0.03145737309256491,0.03527982881329809,0.005805601339339772,0.1449348430264396,-0.0039068976414507964,0.06915495889696699,0.017471758858243844,0.02771865869552309,-0.0745139529565961,-0.04898572237785236,-0.04759609957673246,-0.022714805058840222,-3.406353895533725e-18,-3.126316502183009e-05,3.150511396976765e-17,-0.044730814066704594,-0.01284514840224316,-0.02634177411302375,0.027116825342014535,-0.030799465846594806,0.008631266817420137,0.004721766304118283,6.346778176561591e-17,-0.05411204051070928,0.010667898788287682,0.14224944119130487,-0.042604683992554515,0.06106439589965157,0.010092790063364492,0.05750170177448423,0.0072331462678346305,-0.031053085876597948,0.02162342420854132,0.09731218221609664,0.029088100594096552,-0.05397784587640242,0.015827153324182247,-0.03167640344641728,-4.727763008743266e-18,0.012014178377704802,0.015964895679407617,-0.02498382402441951,0.0,0.0165409020915374,0.010467220993842428,0.11524678183423098,-0.0961086723064819,0.0,-0.01702033268497919,1741
8,2013-12-01,-0.025509090808166077,-0.0032140357519059976,-0.006860792299200141,0.00886491987345088,-0.002456963905030348,0.004231735433821019,0.00021211652003032266,-0.00963676593116767,-0.008075718913639951,-0.07586439657202507,-5.4982921484023137e-17,-0.07578568782486941,-0.03206847283051449,0.021029531623685423,-0.03856086813756352,-0.0012200251525127624,-0.011622453261408044,-0.019403165818649145,-8.964399103096539e-18,-0.026382809840810557,0.07636168340172628,0.026888368645613843,0.0006710719569883606,0.0346465521861665,-0.008895127650088389,0.13818324498374748,-0.040559254586308595,0.04987332147451479,-0.013810558622753417,0.044562081478320054,0.04093225536868793,0.052329291601259154,0.02039036390206731,0.058659968701392146,0.01602096412277718,0.022662901681085004,-0.024706924619034027,0.013016806344297471,-0.02219441849222923,0.01708237734940305,0.03738794092075705,2.8168642663860522e-05,0.010193822023343409,-0.03431557278543765,0.03299428681860814,-0.011606306058974175,-0.03153358237089179,-0.03249139902006167,0.04271186357863277,-0.003915752958580334,-0.01889603835295021,-0.01769690788019558,2.862499089159942e-17,-0.018027845139508624,5.5700743848407156e-18,-0.003986317839616643,0.008603839374179986,-0.030041129874906005,-0.033111814282924236,-0.01780955449487782,0.04874937578591874,-0.017109216528268547,2.4483909161367522e-17,-0.017693825056285084,-0.006535022033113921,-0.06838415913120954,-0.006314604389284752,0.008216764503178257,-0.03491765404646842,-0.029171490760107027,0.004123773878201353,-0.02635711934335548,0.05910691410162568,0.01784481160869146,-0.05687771758868487,-0.021005749668425028,-0.018770041847114657,0.004175180396107236,-5.635404017673032e-18,0.0007655343929115904,-0.025735938916455058,-0.0010882167321517784,0.0,-0.0004712314333217629,-0.01906371660917575,-0.01801112351068379,0.07348606139589,0.0,0.0048049990111886515,1750
9,2014-01-01,0.020166469142320766,-0.0007151234664991286,-0.00023659826592082114,0.0007683993763843022,-0.002790808821139702,0.032319309081547315,-0.08431614163466758,0.01072689783060255,0.0631018860175795,-0.12607137788921802,-4.833901301835324e-16,-0.11569082871973932,-0.06419532321422305,-0.06637567024347639,-0.07930497744567142,0.04419334490972602,-0.07025293329170879,-0.001853776853879975,-2.4658106930607314e-16,0.03802253494393905,-0.0762294205106244,-0.07207194818622815,-0.003343960912728622,-0.06341583877595007,-0.019369626142212486,-0.18128777434383808,-0.059611024416960624,0.038272722501474274,0.026133428169091418,0.24242987800242224,0.09740601943753462,-0.06664051722844239,-0.02830549482175175,0.020638345424714218,-0.023055542342862556,-0.04703810265688643,-0.03417904387239873,-0.022819121728822507,-0.006372754907481837,0.006842632828044553,0.01952842772773186,0.005731265526180342,-0.025640096624246343,0.0037016191904219974,0.027152027190345304,0.030002439819691806,0.0615166101645383,0.024906674405718785,-0.008530341832093074,0.006640908651778479,-0.06492863711560627,-0.03785325855759304,-9.629295028096678e-17,-0.030980248829050726,-5.938112028582792e-17,-0.06074779088536835,0.029567820895626942,0.038865348714982574,0.01378013933964491,-0.02512237956625997,-0.07555971465465276,-0.010614093824820824,8.351472088204294e-17,-0.005898809067472855,-0.01877242140379274,0.017158324208575604,0.0017597400502133917,-0.007359552275547,0.04825310303153785,0.21110617418607658,0.1602188226939183,0.011487123388195747,-0.0008997494078545609,-0.05298123344030684,-0.053742398455632175,-0.009713241154929456,0.004060146853656695,0.09825378369383567,5.194057640465509e-18,0.014899343223417506,-0.06283390680217561,0.023659975154090906,0.0,-0.008966912087579954,0.18404381606134845,0.17294139190274094,0.11730309639268242,0.0,-0.03168071505148834,1763
10,2014-02-01,0.044414682129841745,0.0007110896651329625,0.013801675768169784,-0.007867269367688768,0.003962564066970326,-0.01073603677547276,0.004205468267395773,0.004847169854873851,-0.027347952110106162,0.03390496762948589,-2.42378311751117e-16,-0.03115697908094904,-0.05488060604043286,-0.08986417110772066,-0.06433830118452874,0.09745830294422853,-0.014908115620104492,0.01546714995220183,3.125924689535202e-17,-0.017237348387580762,-0.03779594150308546,-9.645173279309964e-05,0.09192322080242162,0.0011349755260914125,0.03583974432418793,-0.03319842220682861,-0.016197316024352915,-0.09129065049631101,-0.07313562167443818,0.03299270047416567,-0.005910900568152491,0.10955391757264937,-0.03154109993217915,0.009380816655175777,-0.01037299310078128,0.005187784962764938,-0.03663852596768903,-0.047746680051602305,-0.01699556400051251,-0.005122399824694359,0.006414008739391416,0.004578078380924177,0.10627391301785882,-0.02521197732012371,0.04503483940681342,0.008858535628041304,-0.035471320434754657,0.02363327266271957,0.08314304287420489,-0.004585924876189937,0.007162860269662302,0.011656281924270578,-3.7231016700901016e-17,-0.048401558026145014,4.6014319638583814e-17,-0.049120988934965734,-0.018472714861848684,-0.030382507807516945,-0.0176522285735167,-0.024310197775619678,-0.03607224887063508,-0.04172905501204127,-3.255662777044731e-17,0.20676000985574905,0.14461111333595467,-0.0259260750714801,-0.03100570582645361,0.11186995999381841,-0.027564811978195332,-0.032635639303727634,0.05949160402884171,0.040514082885901914,-0.0453054844131561,0.035196747730531955,-0.06418694448036275,-0.07780845797002084,-0.0317043491424885,-0.025384684216643895,4.4524833161541106e-18,-0.009661180379450296,-0.01823875471483425,0.01048277924072117,0.0,0.10700527945208999,-0.018494932487327302,-0.12999934461340423,0.08508947341410544,0.0,0.06155039404050802,1837
11,2014-03-01,-0.03135246702187357,-0.003082769122312659,0.010534846370239227,0.016334789936335397,-0.002059839949232724,-0.019908616918895956,-0.021076463672962797,-0.0040916416641881065,0.01188426996172807,-0.03456677382762018,-5.115204883650983e-16,0.010261592908873912,0.0047200231695989385,-0.04349789919381228,-0.02560288397323126,-0.022794263443271155,0.0045662644429682875,-0.0223279094636348,2.2095880697575573e-17,-0.05441897509445215,-0.00982254782805575,0.031223604869636847,0.03608223370515436,-0.01624790858741562,0.01765735212442625,-0.024562749457295543,-0.013041201402685734,-0.020220289140282233,0.04563514093421203,-0.07724129476292357,0.00021509431511924546,-0.0038918269188711573,0.037851055687193325,0.009246403740509982,-0.010401955466934289,-0.004715773335769564,0.06840890652589923,0.0014800682033276388,0.02295319956488906,0.005462396776935634,0.009413603359464987,0.009596075037635632,0.010975861228406656,0.0032524865622691737,-0.007822565135643958,-0.01929421227652061,-0.036514370333238524,0.002570580650862688,-0.055342272557281066,-0.009036865524016256,-0.01846357607906387,-0.006257212947362363,-4.1371876946683916e-17,-0.00133269801142608,-1.536901719315487e-17,-0.009030337078754669,-0.022774313071830223,-0.01811015648358442,-0.02918055707752642,0.009018767284613306,0.07133068309406726,-0.0527574904332562,-1.8095367499835645e-17,-0.025315874871272126,0.06741786388549778,0.05708455796213753,0.04844171360647504,-0.012146067250995925,-0.026066746561374095,-0.0008462792149424025,-0.007966979130801927,-0.009188797691693115,-0.010350704118912772,-0.02361754417587503,0.0132350518397981,0.11342175171979331,-0.031239398914869827,-0.010644620400497016,-1.1168474464586285e-17,-0.05534687586106404,-0.037943991562928256,0.03131764505842735,0.0,0.09628938037012921,-0.024025582225905298,-0.021322933105653773,0.10399151597193808,0.0,-0.009180067629588309,1845
12,2014-04-01,-0.012183976036478871,-0.0061203181717340415,-0.0035262638213782414,0.006068506934016914,-0.0008948756500932913,1.3071021115649076e-05,0.0010083237015328051,-0.004326090891706723,-0.000481709187802294,-0.025481977905110517,-2.3654705700468526e-17,0.08370607403686697,0.031335403688881,-0.03463155183237916,0.021853428191070154,-0.01681139246778003,-0.010014740035687312,-0.021047376026142754,-4.592329875839088e-17,-0.046756951379752346,-0.04140731224880469,0.02942059271904098,0.04759203163264118,-0.026192269707554075,-0.03421978109328705,-0.03126426127334549,0.0058206637577046605,0.004379237296934024,-0.019225242588957643,0.018995456756741594,0.029116962447098597,-0.05307246465041471,-0.016716505809182814,0.00020236606568681216,-0.00795091157019814,-0.02912572831252476,0.002192232624783185,-0.0007153952205332646,0.0069461212640327934,-0.014419294286211849,-0.029068771291380677,-0.015326277778244737,0.03307589524617014,0.007831043869212828,0.003735807211308593,0.030736978528353068,-0.007269590632477035,-0.01739536969587472,0.06754467849250455,0.0038562379318321733,-0.025941321873604612,-0.013950780618641774,-3.747014279600305e-17,0.009070193694950917,7.060682306543766e-17,-0.017752503298850163,-0.012605664865096133,0.017127271914689206,-0.0148568795016325,0.00547889205435892,0.038773791305239,-0.011303122442791518,5.4977760778674534e-17,0.06804122976772616,-0.012898754449670018,-0.05230181469278902,0.07332593718522182,-0.007574223972265334,0.057103771372183185,0.0028025823480791086,-0.011087677600436108,-0.00013728109336762478,0.058488418248447034,0.02014370780340969,0.01454176368721987,-0.008777763146182886,-0.03411015889249913,0.0430770935921073,-8.119017702466474e-18,-0.05419393217332333,0.015534918583736446,-0.006495932803848969,0.0,-0.02341386015140983,-0.017376029858310407,0.007307370819071168,-0.037859718329890706,0.0,-0.010591544603327716,1849
13,2014-05-01,0.02683374852725505,-0.002992312887413179,0.010869494308068153,-0.008750497859547486,-0.002918388663207733,-0.0002902199733666774,-0.025168222469675205,0.007442483327140217,0.015857396954816545,0.007713467636827525,-2.964118269280576e-17,-0.02470224638328294,-0.006631575695129201,-0.02413050924741661,-0.0030239994729592138,0.020088426831247067,0.02937862937633219,-0.004182519084049305,-6.320150046122815e-19,0.04907666946248149,0.007963563523588128,-0.03993252176907272,-0.024791135351243693,-0.01003875769120207,-0.024313869729403623,0.014649135021514614,-0.032305510507629816,-0.0637906350776139,-0.026196645355555756,0.020363142656106774,0.021077502427660766,0.02476718159138191,-0.0039036894260920225,0.007364740650036067,-0.030835106310681887,0.00029713673311989285,-0.001849354439640796,-0.006272438974596619,0.009585197479618284,-0.002373592860752295,-0.004997491638810793,0.0030565544860768467,0.005177112706957715,0.0018960158945773471,-0.00047183221062146834,0.03805291701713748,-0.008340951626367572,-0.025583534993662324,0.06981926575870914,0.011276844701956055,0.005842589709577295,-0.02562414802903769,-4.333130440528221e-18,0.003968950128779725,1.7467673026435084e-17,-0.04670770851489309,-0.001654915794775319,-0.00010936334097001905,0.008030686723068595,-0.01938028485734951,-0.04225504435741391,-0.018763924428627787,-2.6390277876399534e-17,-0.003492668042892554,-0.03819950911427572,-0.0037622313884737267,0.011394383917144722,-0.04013895317358558,-0.011696436530780386,0.05414515810297878,0.0741575869255001,0.01193760353274449,-0.006517239300284621,0.040601240158119084,-0.030563972809528505,-0.0013495833779675163,0.016011286220046148,-0.005600826233548826,8.013638814086213e-19,-0.0028287788395471693,-0.009602912563056086,0.020306622912473822,0.0,0.025418772011484535,0.017556639219462856,0.01733876078385821,0.06175216951330552,0.0,-0.006315786743825293,1838
14,2014-06-01,0.04477102263578877,0.0030911604903009417,-0.0034136059098642778,0.0011483317715598683,-0.002909715456579231,0.010372480156154157,-0.038535924016690926,-0.002408491345319219,0.02700784627600529,-0.03333205025249896,-1.9965285148724945e-16,0.023310194180304566,-0.04068732482445902,-0.05531442559318457,-0.002260840710895693,0.016437445120987586,-0.015717174867470072,0.015640791137403447,-5.4029365265972944e-17,0.058628708376440575,0.00820185407203496,-0.04168438798216494,-0.0006266438971539588,-0.005611683603616965,-0.008486257091332532,-0.08185089270221471,-0.031060131974616892,-0.017162816430970326,0.006722938619012176,-0.010433204951968849,0.05315754656843243,0.010157935116966107,-0.0029653685929739403,-0.0023349521374015567,-0.0071348933326833095,0.028117509404511888,-0.0017607719537391566,0.041335884395991666,0.014801781541326445,-0.0023688632229741918,0.04045922010762785,0.04148746382060027,0.019640372152933683,0.08798833498025582,0.003885920488444542,0.006066834919943831,0.047367884873311436,0.02476961117983424,-0.06701658622196449,0.007519968743161792,-0.03008267229974727,0.009710139802883343,7.528772639323741e-17,-0.007344693679795199,8.026427790545337e-18,0.05897293729676937,-0.014643850325745804,-0.04895323749750999,-0.009384782949438581,-0.03636864841293591,-0.003650498518996797,-0.016657065779689336,1.320735278076254e-18,-0.035005073035101496,0.020169394172073456,0.032366258720173284,-0.03447843613335464,-0.02176447369495908,0.016406989499262517,0.003136810101219663,0.029134166578558635,0.00740404404569475,-0.017954995376789313,-0.008388151919176419,-0.07007833010665694,-0.023801446284826947,-0.05854704258208013,0.0048747723079530115,-2.1689777677416045e-18,0.04843910683358502,0.04734314850748443,0.004043903656729717,0.0,-0.037924255352588976,0.01613020367837297,0.06695990424480772,0.06308926429153046,0.0,-0.03627129660715829,1849
15,2014-07-01,0.07632154328092033,0.009104827343670647,0.015140109036778867,0.004823778319275642,-0.0008336468353710384,-0.018616248253934573,-0.009467265340588454,-0.0019294991654534056,-0.0020844218222058133,0.013820961677035672,-4.6698366494853295e-17,0.049887237931600284,0.0345455932262694,-8.54372865480874e-17,0.04340842225735593,-0.020939178353416785,0.052053043870918365,0.13135383267328749,-9.125813632390188e-17,-0.025227750019712676,0.04512853787691047,0.06284645639797824,0.05883203095559207,-0.006660628183118016,0.006021688408215021,-0.04598111006491083,-0.018432393940934363,-0.004909682483942496,-0.006603004793199259,-0.1316866849921624,-0.06015287025879211,0.028404796462319158,0.005786051111845896,-0.006706233860320633,0.007662861566792098,0.0323722051869614,0.031833503862337256,0.028153387571214685,0.0981735373743887,0.007863874146127764,-0.013615496656278096,-0.005987071660020658,0.06416458162585492,0.037147427904848054,0.015116631327870974,0.005255352363127615,0.0009000975144387441,0.036515115644325975,0.03870006550255567,0.013773449824166492,-0.026111667491798135,-0.037883504530395455,3.2239145834384306e-17,-0.0006702976688870389,-6.135934319305764e-17,-0.010656579408716645,-9.778170290164132e-05,-0.007874574760153862,0.0350325132098461,-0.019898581135412697,-0.0048081743991939,-0.027559537192185957,4.5609870523322857e-17,-0.07824207388334882,-0.051389131385937856,-0.037469001528087735,-0.02634199020474166,0.10444350805364937,-0.01016199569545027,-0.09328436746793976,-0.046806949152168126,0.0034561632963164383,0.06553802134430092,0.058665006616134455,0.05646086102290137,0.05437310510798431,-0.02686478376625461,-0.05367865721078766,-2.181064962886245e-17,-0.043582105851662785,-0.06117058474515788,0.06341372007364068,0.0,-0.05154545179493191,-0.049265237002725136,-0.10189674916234723,-0.07350900448769737,0.0,-0.027111212812498602,1878
16,2014-08-01,0.06113483853844975,-0.001439312478795934,-0.0011727965154733457,-0.007416003899235156,0.001165271128193624,-0.005356009404763161,-0.021065481050264363,0.0042824903398033095,0.002952113065569474,0.008468488720181841,2.293336698214492e-16,0.00690532664649442,-0.03079730695464723,-6.847592409333948e-17,-0.02256359317978885,0.018075029639661046,-0.0455227158743684,-0.05357536436396175,3.879641332360397e-17,0.039516749205711105,-0.040489307138615635,-0.0182332500789592,-0.0004178269828418336,0.022065492019135838,-0.0023723087541005147,-0.021951819525460624,0.06095219348027206,-0.011789899131987084,-8.00274405316128e-05,-0.01976151132823179,-0.025324257439848022,-0.0009140569343313448,-0.01388869695317235,-0.02879210180728575,0.019020229017335938,0.016352710373696105,-0.00981622553142587,0.04926599154315153,-0.05184463425572021,-0.030035838612989706,0.017208361536890267,0.0011770741048371608,0.008910546423764286,0.03649137212891817,-0.013325283083918022,0.02119858893315616,0.031013763643107137,-0.052553354692475004,-0.04328378458866469,0.04127819178100833,-0.027561534994539096,-0.02461848113422976,3.344091857133071e-17,-0.00022882386205493477,5.228474614694159e-17,0.008797748367673249,-0.020218814861856588,0.005883308764657025,0.037071466453091,-0.01442330399124514,0.03521313535496583,-0.013651325248254083,-3.3472700899396834e-17,0.0016950205484850614,0.10878216349078662,0.009768250397704813,0.039662276963558396,0.07124968232608322,-0.006320249058158409,0.04144204579440737,0.019918960843281104,-0.01960657172726442,-0.018687338586829135,-0.0166770349265769,-0.03457423522861092,-0.029042707040623193,0.010189809912565566,0.03130061754970653,-7.398689437232535e-18,-0.036564843164212484,0.047070275452328565,-0.03773711429047805,0.0,0.02137378614168455,0.09497305544054498,-0.006213613491821967,-0.0575744953342975,0.0,-0.020123222866016786,1895
17,2014-09-01,0.13807786975887457,0.0038288820461702417,0.01491129168008494,0.0006456690830535534,0.0024134667061414174,0.001409340000051512,-0.023180281367703212,-0.003964674728427351,-0.014189768756216426,0.14454639104867711,-3.6595493229779677e-17,-0.06747802232576752,-0.03613543486767225,-5.412193718722129e-17,-0.017176099026962516,-0.04658380672562958,-0.006396611094555783,-0.016719300983443278,-5.5711356261518626e-18,-0.04095732728895888,-0.04160538194494442,-0.03286959377164872,-0.02652894720119816,-0.03634797212917519,0.07213860933075317,-0.06784129802293126,0.008873738530473043,-0.043190772605401245,-0.04306534115990187,-0.0003426987042303596,0.052117255608391776,0.02792472511298693,-0.023462180625425922,0.004941910701813237,-0.04150763216630195,0.0271028831352585,-0.056532065339389495,-0.024659029271800005,-0.044930585712707416,0.025938288945326966,0.04122610000912115,0.02669837315539574,-0.02279250040469029,0.134790072655465,-0.02623617966285173,0.01653474553136733,0.0020096972901876183,-0.03435200343629604,0.0009166468059875893,0.0300627665479791,-0.04376940379826644,0.04862192593863641,-2.933190985452206e-17,0.02067160404088762,1.0858362140159167e-16,0.09502708188406461,-0.010413775012826905,0.00871909600063585,0.012363714363283155,-0.03406907911961662,0.11833956467675058,0.015565389563521617,-3.7471100378494446e-17,0.10667052745786819,0.04525817584293778,-0.005599715280780229,-0.07780788121982783,0.05059634112461997,-0.012204178015057493,0.019137407986907728,0.07818772821805775,-0.03572549254305726,0.02957808424953234,-0.01811335107677057,0.08477091032369893,-0.03218687036867431,0.060755718664171676,0.04072779588625932,-1.1279293117360207e-17,0.032863662513727576,-0.0643073101964485,-0.04752064112557941,0.0,-0.052737140333919755,-0.033879475707019935,0.013788254935305411,-0.0430874271692198,0.0,-0.050254792882226784,1910
18,2014-10-01,0.01917404996070229,-0.004728470883461593,0.015878004107755743,0.003909148186211519,-0.0019470868198455202,0.005589020897719687,0.07256490850667033,-0.008048444704453293,-0.08756236844035686,-0.008086533462216928,-1.4966930590855953e-17,-0.04556695856916893,-0.030928445042217763,-1.0902134250857733e-16,-0.018521702730152637,0.009712503248820043,0.02667460949416524,-0.008281801355770928,-2.478733992771674e-17,-0.07302210292553071,-0.06375018977787497,-0.021312653834889506,-0.006306429399006061,-0.03672249561957326,0.037161595576352555,-0.04704402050700994,-0.06519316359966829,0.1267114179256652,-0.006368720609771839,0.013645881425726576,-0.012238541552195666,-0.036615006719777146,-0.007940896787177524,0.03840669960969968,-0.03302189967489312,0.018711003737085063,-0.004309736978125955,0.024961784082525723,-0.02144176943412928,0.012595023145323632,0.0019744477945481793,0.008056083486357973,0.011694852609809498,0.0880586790697733,-0.004297001437790985,0.007311327642814017,0.01451523610455979,-0.03459765335199315,-0.009047861311208449,0.021769700010006582,0.0036570041054544856,-0.032675836457356416,-2.0401102382330828e-17,0.04886790759859096,2.876355844202108e-17,-0.05120055025248667,0.0306885157733959,-0.008576289674147643,0.053791254805614544,0.031196930017652627,0.06936449266814063,0.04560516392917341,-4.6439195550875005e-17,0.02143835307047132,-0.028986678961914453,-0.03450328065089746,0.03316867429237534,-0.1489391112788319,-0.016877109911276385,-0.0020390180358235716,0.0020026283247382218,0.037953617403380116,0.07695802490409348,0.08396089689618622,0.08435918367754305,0.008649396958070144,-0.054286962143778754,0.013634379253835963,4.3498115323669e-18,-0.045305509529385654,-0.002582558511470584,-0.04487559186061744,0.0,0.03489796327288739,-0.017066997187354244,-0.0444574368216464,0.01063484766663973,0.0,-0.006627513663643343,1909
19,2014-11-01,0.07134537808420388,0.009160096240838897,0.026386342833512457,-0.0036990184341712928,-0.006910565485334953,0.008630763536052495,0.05501697506845947,-0.00029435001987698816,-0.05215773671336968,0.05873766536480031,4.211797592043467e-17,-0.03446505243552138,-0.048827132007602955,-2.865153263056207e-17,-0.040951476104449436,-0.044424739852143236,-0.03493173507507154,0.017436340350668426,6.116412143510009e-17,-0.08566740495423189,-0.0014633637333855945,-0.011447326469627725,-0.029905626444631496,-0.00687888740153386,-0.04835971731381414,-0.017671735786166334,-0.0219746006391981,-0.057853262748684284,-0.014234101045911147,0.02882899618976691,-0.07596666626567292,-0.022570649297377923,-0.025423674470101718,-0.052344140673072734,-0.011792150477986325,-0.001135782577370418,-0.01153983875781181,-0.02754561006050168,-0.01667358273207089,0.02067738064529355,0.021704971463909394,-0.0320208481081815,-0.029822084231113342,-0.10214963457028486,-0.016678245446835577,-0.039331090179878375,-0.03072106470755627,0.00696333510222014,-0.08026523745815453,-0.01748405332144054,0.005763996789166445,0.06024682905428809,2.0039719730033386e-17,0.08709035436941862,-9.030988070564951e-17,-0.0257864499961473,0.02210628033874184,-0.03941242925877182,0.07920206464753993,-0.005713028852491128,-0.013970283510838791,0.08743620245733612,-2.1716803098784994e-17,-0.041210959091388194,-0.0072845355009689,-0.05330979164428144,0.029014922817497832,-0.07115697773510865,-0.07386168384374142,0.08572532172333898,0.06707433002493045,0.03484417733935445,0.3361344315965058,0.23244847956655057,0.15279694207001748,0.1037885009404681,0.10817439457079658,0.005698135758661894,-7.085959795302177e-18,-0.019804385028751915,0.015140150952757416,0.04584849651347692,0.0,-0.06789814967294892,-0.0667594998256382,-0.08091197403734196,-0.03980647477920085,0.0,0.05786981556170104,1904
20,2014-12-01,-0.004938705664389286,0.01340721915025255,0.05706783099281789,0.019529122380158862,0.005543084942767852,0.001354818449822822,0.030710907362742436,-0.011118850849021207,0.03354093881670156,-0.03788783221403827,-0.09178545065698268,-0.03309536049553012,-0.01502264579765586,0.25025463420860966,-0.1063749674061418,-0.10974029783623408,-0.035056951270725,-0.018537905046163032,-3.776612584409379e-16,0.11186161331194981,-0.0613951598928174,0.01742477243554285,0.04627108537858681,-0.06050599432136775,-0.03373027261843842,-0.0321462862626904,-0.0335050915042695,-0.041620570789785837,-0.0617988489749499,-0.06820539004001697,0.028869321207477573,-0.033134870448706194,-0.028355302822451092,-0.03511916358263602,0.0027553675106126163,-0.08132474724765806,-0.028348895232774354,0.022414606286734022,0.006785146976575063,-0.0752308930746942,-0.002743930604829154,0.060539891717066543,-0.12803390822505795,0.07182924118949165,-0.02226072669682773,-0.04211989918819902,-0.04026045710936908,0.026195481318800493,0.03535924993714632,0.06608029133973778,-0.024559555365984954,0.17781401715282655,-1.2971606871181623e-16,0.2875619827204188,-8.811107582083353e-17,-0.07049215516818925,0.010956060000869749,-0.0010788673922963073,-0.1440111439592961,-0.0031182155817424118,-0.010866136969912975,-0.02927104637740761,-3.964218039093713e-17,-0.024199180403386155,0.014205263887140138,-0.09997506515172766,-0.029933426768869155,0.014872735850535994,-0.11311347004781695,0.0026808204183214612,-0.03945362443390418,-0.13311635614650377,0.3898128638588655,0.16669469012337873,0.010294840155997326,0.039531902841528826,-0.04604746010738274,-0.003760879171621854,6.086089014127362e-18,-0.03631726016079898,0.0848258168534658,-0.02841609538167858,0.0,0.1087656584483592,-0.03441528663341469,0.026065398799469494,0.1349176135637067,0.0,0.008907971425341991,1918
21,2015-01-01,0.08450589881508382,0.017717254679705773,-0.009629444305208274,0.008394160831627471,-0.017075457139266337,-0.02414739060939457,0.09016751817002447,0.007159075424163186,-0.09821347997380285,0.026796473495632824,0.06785388682408743,0.029150772997577394,0.01244358591518099,0.038067355610981554,-0.06231943838613701,0.05562134277813352,-0.0863551018397797,0.0579603639181257,-8.437567383672997e-17,-0.08697526975782525,0.003789695200391824,-0.05512603365341903,-0.07443156727050529,0.010720968090231368,0.02873028435351414,-0.05002402967579974,-0.006972924304432032,0.07492003046239828,0.05820488348387577,-0.006902284471593995,0.0030996978680977935,-0.0689197242402594,0.03744482865306839,-0.006376228179577131,0.022793103394980002,0.02496372672830211,-0.05221103497645016,-0.02725753988776288,-0.045219784404495235,0.003559546984999151,0.04462271341452929,-0.04051747854493687,-0.001648740671809805,0.26470107458891245,-0.0032313963014179593,0.028391059251497597,0.001280788923210062,-0.0010722478098089995,0.04274762847112948,-0.049933105299475374,0.009636440101179287,-0.05717757414071999,3.092871152259741e-17,-0.08926379796475417,6.1858622584044955e-18,0.07171575443954709,-0.009022615401173752,-0.011556345761367813,-0.0317515849699536,-0.038268940899900114,0.0047959632998810925,-0.032815745449884935,-3.490839200193433e-17,0.08485305932579626,-0.0216113931834113,-0.003927048099256054,0.029935201690988483,-0.024940930834439955,-0.05769321333355138,0.17996172759345525,0.11448967531162663,-0.09246886884254685,-0.16791046345715493,0.02642370599000464,-0.07205595763301792,-0.004306549790250259,-0.06792373826831313,0.016768773426170513,-2.617947004341289e-17,-0.026092069436229284,-0.06236547403744001,-0.055759471453342896,0.0,0.04452475445429981,0.01707836391861771,0.0037118487773755635,0.15817334659936266,0.0,0.03697918511011474,1923
22,2015-02-01,0.07970027912947933,0.007186897226678056,-0.004176160197198675,-0.002302581547583513,-0.00030152196908835244,-0.007983213061214094,-0.0015396146796135164,0.010101688225895663,-0.0048123185357846175,-0.10180620117935218,-0.20206284473436756,-0.06512214851285539,-0.037966888494983336,-0.10743948293904285,-0.05129830721323571,-0.03865973893959945,-0.05365511981546626,-0.012212307089442225,-2.8424273192271333e-16,-0.028500362003360532,-0.03267216804607513,-0.009953937031800562,-0.02308542439622397,0.008188897710899846,0.021680319144878737,-0.026264173580046946,0.20577201381380414,0.07812937584135393,-0.016122695621173525,0.008189073639626007,0.05533731275475678,-0.008335970883537977,0.006973587797360594,-0.02120851733322023,0.02262408746421959,-0.0037734718323015172,-0.023874317436486006,0.0028994094813437205,-0.03176681083276729,-0.013808053804832701,-0.03921098127907814,-0.004861530945293735,0.03171303677421932,-0.02893574693431585,-0.007388893305416311,0.02197658039976562,0.03257470833075308,-0.011392754616135786,0.009460413865522765,-0.0641720398582339,0.04657210854806849,0.027867881127977532,-5.726458573546947e-17,0.03996066683343544,1.2981833012969937e-18,0.09716147030707903,0.028401431779690473,-0.008646794811610514,-0.05469480412375795,-0.03259687048678455,-0.02017573925481192,-0.028073828583099744,-2.903997283902192e-18,-0.020236717281615826,0.0760529895799688,-0.04782945592462036,-0.017332841431775624,-0.12992166006350342,0.1572635816637882,0.2036370556482279,0.12650013400298077,-0.051980988139347956,0.044734831983683755,-0.014635570500171637,0.0544598526439906,-0.017099025419886213,0.010771009304333917,0.0664052996776168,-8.626230371283895e-18,0.05127920028851608,-0.01473396024368022,-0.05063116524474476,0.0,0.0716473759615775,0.018356785249748337,0.039916181352267405,-0.07806188610183842,0.0,0.06539580242792123,1945
23,2015-03-01,0.23110844877796577,0.008452207045644047,0.0008669010364100111,0.010636171389868698,0.012152490938251572,0.025227709534984002,-0.07428368675758087,0.008556558149684396,0.02842032265789333,0.02981648934615261,-0.10597843252891893,0.027087856715154186,-0.03793839067754865,-0.12471594721853009,-0.05644110854569323,-0.10661668439411803,0.07361571898279917,-0.02427420196359079,-3.4696775348788223e-16,0.10841831547141809,0.07270266713428468,0.026776959891092637,-0.030436161044276756,-0.01928790834401321,0.008363623732651433,-0.0011829862438680616,0.24454062600069995,-0.024926973680288365,0.007454003602456839,0.025611149079207397,0.040774478433509356,-0.06029832539370745,-0.03030781627277299,0.03361631387777932,-0.02898950700913174,-0.009836355838443493,0.0354763270741763,-0.021342753563549664,0.007135386992963342,-0.009460440380762072,-0.0182151306847063,0.007240022067255911,-0.055340937440625966,0.06563617454952628,0.05236482226936451,0.013159288380339605,0.09879380645395613,-0.012632881167573582,-0.004432447017718366,-0.05088686123209612,-0.10606834996548921,-0.09799915412625802,-1.1963401949550863e-16,0.066325923357213,-6.575121639441064e-17,0.05121424764989335,0.006754783080892757,0.059045702564717244,-0.055559297834853666,-0.03174779566618223,-0.007210045384839669,0.08263189387954595,-1.5831311709000999e-18,0.23414168757055964,0.14180841985080186,0.008052636389724782,-0.09941832607998936,-0.06978786737403742,-0.05511988057738191,0.02884504844010378,0.13702542920166869,-0.022281493493283133,-0.02676407455305952,-0.1503657183571139,-0.11064062307429991,0.021978144041833538,0.036025178444253805,0.1097135478338956,-5.814271106182461e-18,0.02093853838738055,-0.009449965624903429,0.009888239663868542,0.0,-0.09864270262561126,0.01805887996667143,0.008879740505432755,0.05561056583877963,0.0,-0.06981664256482334,1940
24,2015-04-01,0.18630820868378903,0.0007103111057552449,0.040201486267246705,0.002446642388225957,-0.00034187029083872916,0.031172767234872417,0.12710440445438034,0.029122770312436496,-0.13373431073201592,0.0340594671639212,-0.05616587464785912,-0.06584666724225614,0.07566422455161462,-0.0567243535715618,-0.05742202035734717,0.002787010182359842,0.06570459028102762,0.03708986429285805,9.49824669149614e-17,-0.07506129624152418,-0.055888367911018186,0.007278019550577497,0.06988740302754073,-0.007373595390733036,0.0005715104749680674,0.008255589567803576,-0.13306202122246444,0.30757713674921494,-0.0610931198094951,0.08917234040729184,0.0038471664766755592,0.3482755001239772,-0.052938376487861614,0.033515281280554046,0.0865518310776136,0.008545528764011781,-0.09352883176644367,-0.08876387523506304,-0.03364429992169089,-0.00623948388974296,0.06031869022031527,0.05198583775223864,-0.052319761266384886,0.27860570177243144,0.018350947139253157,-0.02782682540249401,-0.026896069469958418,0.11527841832036353,-0.10418728484022596,-0.01594334774658919,0.014904339248094103,-0.03479224915656496,-4.6790175673724275e-17,0.13339603214882517,1.4153672089987863e-16,-0.08825656139703464,-0.015776205947236024,-0.012677382687212552,0.0733310203617604,0.011330506085188437,0.07796821662678478,0.021009007595669676,-7.637256127284803e-17,-0.16226067252712265,-0.11672359181910477,-0.06560843846290994,-0.0171916044972686,-0.13516708962576812,0.20453732784040388,0.009897260577821351,-0.021535357653888178,-0.1272884627058172,-0.1459014692089951,-0.14671117580673645,-0.17294814105651435,-0.07887221706519543,-0.05364863540453965,-0.1033702422557028,-1.4595008130108597e-17,0.007080538977321485,0.06359229647773962,-0.004671846662413451,0.0,0.44136118418772363,-0.05264645422143132,-0.05377449470096814,0.07006444899925604,0.0,0.035261735663725424,1944
25,2015-05-01,0.24339950085874654,0.022547570769448286,-0.032683724352662744,-0.01203270543921436,0.0022347780500107123,-0.008486188559290961,0.02369413641529712,0.0022990915899079424,-0.10287300043638661,0.013744895991461802,0.050126129842435,-0.08771745697958211,0.030540365751371614,-0.07689904709099868,-0.059115839937899775,-0.041083571972752045,-0.1149196885391774,-0.060556822841847234,-3.1469505353141953e-16,-0.15571999878458104,-0.021200202453703326,0.019051295232312224,-0.01306187444045774,0.09080658014409608,0.11294698403151,0.2399713932203892,0.04964827627624015,0.08554735896512602,0.037979866325522325,0.03268741947981181,0.06470188440276309,-0.14810057609619237,-0.003414043345685038,0.03978796121875526,0.012856309153474028,0.06021133951223213,-0.025263434920719946,-0.08510670895667308,-0.06962804799301774,-0.03005208221687318,0.07647446547007816,0.07284535587010349,0.040001596312930265,0.10840881062165288,0.09036189853258797,0.13364908359346236,0.012370096002639146,0.1378476034005517,-0.044875441270189234,-0.01363447327616317,-0.011814619253910828,-0.115122149357755,-5.031131205102601e-17,-0.03400360334594117,2.561203547038817e-17,0.058616875310422145,0.004595322500701951,0.030865704945547308,-0.08371785101243026,-0.015852274861028796,-0.04196178473094952,-0.05449258364867873,8.224414219508145e-17,-0.10356570299773643,-0.17451483248151264,-0.10604871947057279,-0.0954618811907384,-0.19404848338316605,0.03193081042895026,0.009671429894296738,0.15509270484149273,0.08767890762256285,-0.11700916579916884,-0.01153262841623571,-0.09445423125964315,-0.03375425978206942,0.12028475137282094,0.11088222865138665,-3.9563115034733084e-18,0.022093874420349796,0.054168949477269863,0.03728636606654578,0.0,-0.03264447552537768,0.04534024067466136,0.04712541994676916,0.1467556466373212,0.0,0.038791856349569415,1921
26,2015-06-01,-0.06898347987637049,0.005030308427234487,0.03762256208402963,0.009727529881507154,0.004537890831920716,-0.04230441227698631,0.04503166846349129,0.021294290503913352,-0.06996901976258738,-0.08349908035457626,-0.19662453139734998,0.06635354946366953,0.049398556470616695,-0.136828625666809,0.07232424427957408,-0.03153260373480657,0.05203018906076862,-0.11954593081071015,4.0516515892808034e-16,0.2842105864194272,-0.03425105530538513,0.042011835536479185,0.12052684236630765,-0.10207040024248693,0.14974138635261694,-0.015485992593224661,0.08526905860065316,0.18197454377245123,0.038078906120089726,0.05686149483586049,0.08771555965462806,0.14918813807845793,-0.017052258618750368,0.015508730483420616,-0.038696091450229696,-0.070308438511406,-0.08953352471055596,0.021745006888869645,-0.0701713939848515,0.07041749102654227,-0.09316254526749983,-0.04811339713012379,-0.013247988772274398,-0.019301958749697246,0.002373300356026462,0.007043189073482959,-0.05335133340616584,0.013196314734699156,-0.07856865115395983,0.09342911293060178,-0.1130325712438893,-0.053206643652919335,-3.0857564383479902e-18,-0.12949600544157178,-6.547984541945797e-17,0.027629965184426238,0.03464617675852773,-0.066551784864385,0.1575335016928791,-0.03996654438290354,-0.02282807267829888,0.23507172062664128,-1.0923765290102744e-16,-0.04701965920405854,0.061365590943428874,-0.17802602068247503,-0.09398203667090356,0.09432456036821164,-0.11106625099209146,0.01858843972671393,-0.08058799057485691,0.03881323036939742,-0.08940934068153167,-0.0298774482288129,-0.011561487650380774,-0.030160863073586088,-0.155381967991163,0.07802567435160784,1.438142534094094e-17,0.03418630937024329,0.004716842116034122,0.0402122453971169,0.0,0.05890969527086128,-0.0552551368782968,-0.04829624023434022,0.04783573135520743,0.0,0.0068106670744141826,1890
27,2015-07-01,-0.16723838932494012,0.0047906439006378445,-0.013332841241839411,0.00465016692241322,0.006038534573842912,-0.029030313544853074,-0.011573023145351129,0.0028592910635001677,0.025260155208264926,-0.0037123370288707352,-0.164192884557968,0.16101151467198077,-0.0367633619686549,-0.026509293164409975,-0.07159039022710621,0.07083485780199136,-0.10294948093668535,-0.013157776639420634,2.2897225027879744e-16,-0.13838089002346954,0.1114222284419287,0.00662626324252831,-0.012360654173365421,-0.0007466839023442303,0.06785147607034475,0.04557070515068302,-0.04408973567171907,0.0336412082872939,-0.052210595985162894,0.00801733932105407,0.01281293954526547,-0.06941416400785633,0.012143640603545367,0.07049079834798284,-0.02343282381238737,0.004384509714770175,-0.0021893790266379505,-0.07139139028866216,-0.062841094005061,0.030301350555067448,0.019634580202359024,0.0015982427141321733,0.019085238670905114,0.03488780979259798,0.017139323422957695,0.026156814625014423,0.006015228011359598,0.009829631850446961,0.08039613927549097,-0.0345660985531903,0.04054759011334681,-0.047876390461806737,-7.03018684456508e-17,0.03445864593425932,3.280252803790911e-17,-0.04345079286737209,-0.040525838879000735,0.008151606983240996,-0.12674740822452213,-0.03382466497484797,-0.010155837243124893,0.001272444629369528,-3.3495709372945816e-17,0.030734159257045535,-0.07915709176771929,0.0344227068887077,0.033513803107476786,-0.022700099639564653,-0.007267005967282081,0.005006420034568172,-0.023007620513797237,0.06798686432625628,-0.10195830704134773,-0.04169382790467166,-0.026872856291526206,-0.0009546693107907959,0.034130834899462045,0.020942112970560835,-9.46010780384487e-18,-0.052987166309913084,0.06424829051276448,-0.013419407508748423,0.0,0.09250388956170662,0.04817848308492658,0.20093378760765807,-0.013562088241206152,0.0,-0.11746176243576853,1854
28,2015-08-01,-0.12512328058140193,0.005481777124385588,0.011667723703116514,-0.006312035704353757,-0.0033822298501010608,-0.0198089268124109,0.052695280846620784,-0.0044478313995568695,-0.05185289060017338,0.022448829332241453,-0.060075120097695944,-0.11946403168787506,-0.055294303578826705,-0.034155676918912546,-0.010919891673393349,-0.06185428165745805,0.037880852890019176,-0.009878081338344082,-1.977007158173274e-16,-0.03671093538061508,0.029910979081233163,0.05886626392426988,0.0296054282270259,0.06142105755235805,0.1151850829670174,-0.09825570669602668,0.04869882155742737,0.1778869256213983,0.0009595065652676076,0.033986156971008125,-0.026031648411884364,-0.003292789234263273,-0.00457320700981825,0.008995638593901777,-0.008100553038285257,-0.00307134670358648,0.0263928731980936,-0.015495200997933577,-0.054937597276766545,-0.031643950977032785,-0.04781565419338364,-0.032544644902538715,0.017402780224113717,0.018560303604872964,-0.015358544921177001,-0.03873898136867944,-0.009235217245437244,0.16038234216194375,-0.09415400764413676,0.036134783395602395,-0.018312524153851824,0.00807025153256035,6.072067158846027e-17,0.01302555854047066,-8.160117641369756e-17,-0.06954975909426592,0.015177033400592108,0.09087698259394002,0.048417702367313305,0.06167287058660511,0.13993164113017997,-0.07403891865081522,6.323668812567685e-17,0.00030785361743967954,-0.05521304246082562,-0.0524493061982732,-0.01610137558016768,0.05049633117248911,0.02922552336158658,-0.05404711731004298,-0.07881466304174509,0.03194170772784742,-0.13233917939069048,0.043781816884088026,0.002134412927333652,0.03032296018659806,0.03687379880510623,-0.016511416605180153,-1.9630314330420318e-17,-0.02759674244225669,0.002545218915584544,-0.033905760144686964,0.0,0.04134647479089598,0.02180843087992174,-0.06323836153408444,-0.10664508502083728,0.0,-0.007433851287954027,1791
29,2015-09-01,-0.022071636678065193,-0.007644874457002613,-0.014039246947053049,0.00515630833748775,0.0027734085769540668,-0.020312195159668846,-0.03221905325270855,0.020189712642993757,0.02277893706396254,-0.003170312686513249,-0.06202531280013242,-0.05666788261109658,-0.06999515500135298,-0.037832096116880876,-0.018000436161855447,-0.009030725106745838,-0.12790234816994916,-0.047817798614569015,-4.995259140760793e-18,0.1776106358279606,-0.043334531709486174,-0.01624263360312929,0.004914179644289375,-0.007852079273688438,-0.06231888253554631,0.10527286315028228,0.017011700365371724,0.04469907582285728,-0.04726871195015289,0.038461224031897515,-0.017980512999002645,0.00776400974149256,-0.03383765312801629,0.008086270630850772,-0.06516914014374722,0.0037201468674154838,-0.011848329719046282,-0.043893181010715064,-0.016558707335570827,-0.06208748697177431,-0.00018958448063187416,-0.0022352049531517287,0.07684390224079851,-0.0709333420846276,-0.0019369932686117614,-0.022882866442134872,0.020870409421360526,0.011973798344744366,0.07206364284456727,-0.01725453629670576,0.0007931026674418418,-0.017729505090097325,-1.8989319426423663e-18,-0.00818005025502755,-2.22973286875165e-16,-0.10152950635260895,-0.014667460345712726,0.001763260832532719,-0.05175951373271781,0.06279290603075924,-0.07049984743746208,0.009162576334709191,-2.6270174922944916e-17,-0.06595910270982049,0.0023177545790332666,0.04430656882762687,0.055472782799737864,-0.12578206333754435,0.031888756894075325,0.12988167658311733,0.05180631400421916,0.06707105790922165,-0.035207582353029655,0.020830683790013828,-0.03766158487122204,-0.0262320583640217,-0.07231707776454915,-0.023929075956765716,-8.931009212037115e-18,0.0608855665704992,0.05901524460169857,-0.013760503547938164,0.0,0.1120259446728902,-0.01583698743079568,0.07378150991498932,0.2794703288630732,0.0,-0.017311166763445556,1769
30,2015-10-01,0.22911992841806542,0.01542448082757255,-0.019177728544546604,-0.007947551624599222,0.0003075046291849718,-0.025752908941763214,-0.014334914535487353,0.02117065682497505,-0.020117853243346733,-0.1342267768911133,0.08155407722287189,-0.028654201205399844,-0.05415375625064945,-0.09451699289271218,-0.014577811165052646,0.04762812451368484,-0.08145386861106711,-0.027316121219839118,-1.608947957262787e-16,0.050565709904376484,0.005636523942054001,-0.008173046004383896,0.0349102715017905,0.041547708420458705,0.022030109164607584,0.015425373563300385,-0.015869095620096082,-0.03540607159579455,-0.019738690982939674,-0.021431532514442436,0.11324327624496258,-0.01968840011050195,0.01753844516677812,0.005737945250871252,0.038706086245264046,0.0013515576501563174,-0.02192212212055306,-0.07987106608475017,-0.021677256509001288,0.029383619831998158,0.022288367710943113,0.021788889433669755,0.0193516552747636,-0.015628578115807333,0.03318830324763662,0.023444967430200372,0.04068488925422341,-0.09964016609594989,0.05075593477764487,-0.03662874373256268,-0.04837350390497437,0.06353283191545703,-7.44955337472567e-17,0.019689796184285187,4.656615188479139e-17,-0.006199292738773524,0.0015642935763740193,0.028526862359416354,-0.02045639240611483,0.00025177155532820836,0.016859961791311204,0.007670059440703267,-1.0878494276439439e-19,0.0971326920447394,0.0006759422747524089,-0.023727426201816424,-0.04378178100299343,-0.08374574590759659,0.014422263930561632,0.10315541214524865,0.08954620868433871,0.07730470761933532,0.05115006301798087,0.04436065214345805,-0.02833359382812997,0.03433007118560895,-0.010280456115229333,0.011490790873544033,-1.824314118679945e-18,-0.008589551765708116,0.07293130870422883,-0.01360609774548941,0.0,-0.015554649537738604,-0.008650036333777547,-0.11025214498391778,0.003971532536522805,0.0,0.025915840877489407,1802
31,2015-11-01,0.10400816948152425,-0.00959351937064391,-0.007655689011963701,0.008463315730194,0.0037877691594939474,-0.002552408156329711,-0.039555623707154826,0.01649455210480254,-0.010447614502148924,-0.07871591455380009,-0.16910718646179096,0.08999521841239688,0.04843056429311838,-0.08193559011913576,-0.016128908366746603,0.02111174167663859,0.059544362540997424,-0.020753652677342645,1.3040181673298618e-16,-0.10022200775141007,-0.018464970977036355,-0.03613202119451948,-0.017451530252246023,-0.034526471349508904,-0.009232661938736727,0.020479570993858102,0.11956061589533042,0.23488842887875994,-0.042064333516179074,0.045817717230414536,-0.06958644577591666,-0.03588118075061644,-0.0004816995204305445,-0.02807777843491488,0.015922978192686354,-0.00786025647140264,-0.006319143461424764,-0.05526731467984934,0.06586405842086611,-0.008580269450887553,-0.02932516823539013,-0.04786731663359375,0.043743267579786936,-0.0384336506135097,0.026342320000438603,0.06228635474411721,0.011054509292081835,0.005399164536288463,0.026539753082642517,-0.03129763103082706,-0.0796582601268905,-0.05450545865397028,6.1042840421711e-17,-0.056519654538133096,1.2026241297542905e-16,0.038068266600070615,-0.01648981404610926,-0.05734834869711733,-0.03629976928894988,-0.09619478990581776,-0.07554581847119869,-0.09161119858324873,3.330274513085328e-18,-0.06696948002464431,-0.08869351228851768,0.08395470174489289,0.11242055711465782,-0.12389426234065304,0.018602301736190485,0.08165799492636973,0.024426341798737882,0.07261153498733315,0.1314144077984427,0.04267512634772792,-0.03882222519566518,0.026639327784966,0.06549117944544175,0.021645124059273955,1.8790716550940017e-18,0.020655579694412535,0.0005555854061404797,-0.05448696483421137,0.0,-0.052792235099757674,0.1028708552689306,0.08073606232515684,0.08992693771599583,0.0,0.16622055526846635,1855
32,2015-12-01,0.06679247231452226,-0.014883854079887487,0.00912373867621208,0.007671013570644513,-0.011372305342375951,-0.02029695107324332,0.0597256383916005,-0.00199006164496828,-0.0846073335161305,0.0034147785823506298,0.21822919393689022,-0.005970195621438388,0.029683864332649173,0.009879618999500087,-0.04915284784442525,-0.034487978683518106,0.08507590396023015,-0.037791616339895084,-5.14415936625694e-17,-0.07701968913858927,-0.03790771813822401,0.027078040803883856,0.0033901905025264106,0.021012891654070012,-0.027572644568888506,0.08550469605061342,-0.13285434678435376,-0.0029281024548389635,-0.0533308678321263,0.020821356622390794,0.3431108333977068,-0.03718815067964714,0.017423900590052714,0.017999278448511805,0.013922458683117632,0.01848129872485198,-0.002915228332831174,-0.056792628661056214,0.015503570735294504,0.01459927534693973,0.021642591374353738,-0.008356263181422133,0.012670276794624825,-0.016960726013818022,-0.0013212609073343547,-0.0002065493210983353,0.009776871158503408,0.04673210361432448,-0.05691857151024607,-0.06292038126951818,-0.03207999568412063,-0.05215134444547487,-8.630822207575691e-17,-0.03442887731917002,1.1013743358650914e-17,-0.011171645315247931,-0.03875673648488374,-0.004385599071050484,-0.0944730191392262,0.03212438009179865,-0.054892599331643366,-0.013896354445207102,-6.884603318824537e-17,0.034186168064777575,-0.07118084799093297,0.010599139394300173,0.007217824799368392,-0.016234987357304553,-0.023327807285001154,0.013507835380253469,0.058820795867382134,-0.04603633729878581,0.008889856962454885,0.04347279841511036,0.08162962449958472,0.08532528042069655,-0.01386826199938417,-0.027258437550438344,5.3949427601310825e-18,-0.03704588100266455,-0.05565842941614321,0.032357976373676926,0.0,-0.09045367880867534,-0.07703438245620285,0.016332089842592233,0.056548532607121685,0.0,0.0467581649668482,1910
33,2016-01-01,-0.28805907135248704,-0.017509434179293123,0.0067642527948361605,0.0061458006851797375,0.0022236764278321056,-0.006380189579410275,-0.013594440208950929,-0.013448943795683583,0.030120723878191452,-0.027281888909594734,0.06299721242309853,0.05915265025900595,-0.06936977789294396,-0.0164995092472017,0.09445381683007478,0.034352109478280844,-0.01931801579561699,0.026603951898251335,-7.111954973769566e-17,0.0067139399202540695,0.03735800364227597,0.013188967223955784,0.0509391272485986,-0.03020017757078161,0.008894076962089175,-0.02275760265079392,0.002386855089183546,0.03443509255604738,-0.008577423657126139,-0.070656428429469,-0.04378931854694913,0.03151389369557671,-0.01423568954462126,0.013904281339931691,0.01943698338781278,0.013066294119441529,0.003262155391321237,0.08396401087324368,0.0019307214445596077,0.007241716859224473,-0.03341612707530465,-0.01737639008650837,-0.004198124386143608,-0.005448501125324634,-0.011409372919311402,-0.011875679474075345,-0.02492975015498375,-0.026680493869751423,-0.06465719840867748,-0.01942666581900477,-0.03640131904122125,-0.03730095875128471,-3.1848461557617273e-17,-0.01407451485908788,4.4837755684726954e-17,0.001566081273518035,-0.005085432186958335,0.03991159846792392,-0.040132033998205405,-0.013807938092087756,-0.07354095228689243,0.019735155954022032,1.5015049548660601e-18,-0.0378879836436298,0.033737848604476005,0.12456293507573421,-0.08142562099040775,-0.008289194834931003,-0.07946214106672526,0.020093946820885035,-0.028740310064247935,-0.00205967194679358,-0.005777554157402581,-0.043276785033309145,-0.05595572308512565,-0.004570717675627401,0.009285301030191831,-0.022865354318686512,-1.9506789789686102e-18,0.004107770040371855,-0.03201892236505447,-0.031301918280382576,0.0,0.11619104625468862,-0.01619530515176715,-0.07803367473691031,0.03131827846435589,0.0,-0.004056731849957444,1948
34,2016-02-01,-0.007600786057146645,-0.0011206011716421611,0.0019202596575946728,0.0028475881158833644,0.0030832548509711266,-0.0036529981864521243,-0.027655111500004135,0.004469073937885003,0.02649805459908762,-0.011133312924451227,-0.030060170565306323,0.18762349528377714,-0.049079898547931516,-0.0250431189860328,0.0396809229065133,-0.024890542658429642,0.16805285115404234,0.17035059845454492,1.6563392570862633e-16,-0.0149473325486333,0.05316772968718393,0.0057149971509053744,0.017369135873702125,0.03369407528042548,0.023166351852217836,-0.10978742067780897,0.053482217922687536,-0.018748419535972175,0.0371039770152022,-1.6497180439487003e-05,0.07072390302857608,0.05996925800302037,-0.011217176242972027,0.002686125212568841,0.08533610474865047,-0.0012777992562396975,0.00782492916774952,-0.007217506382546349,0.08968332866216722,-0.023889827322762566,-0.03509086785745011,-0.028720653291936845,0.009094578320319206,-0.044884131488806774,-0.013002378528270814,-0.0008508287615222139,-0.030590746709503368,-0.004409818976829304,-0.05664716644502651,-0.02190398362031268,0.005794244735678767,0.03514058705768558,-7.998538363917319e-17,-0.03691052783624479,5.279196518806433e-17,0.03778401027311026,-0.02652637001472565,-0.011230732579460067,-0.02914425384383094,0.01472603183477134,-0.0008007552759002681,-0.030249016445110726,4.6780477541127035e-17,0.04319142541086311,0.026571962583644075,-0.0972612135825067,-0.01615273826553627,0.03127902847607935,-0.048252470791145086,-0.020482982183356212,-0.05228505418981261,-0.015368436025698168,-0.055551274055065776,-0.025694380399774494,-0.06669906291194362,0.027260660349433904,0.1006619892802677,-0.048811475690762704,5.810804960080208e-18,-0.06521411238632649,-0.049415920087377226,0.003624637047902889,-0.037393872214092745,-0.037475962791733534,-0.040677202976972124,-0.04921243457963821,-0.0087249151918519,0.0,-0.01541518000278614,1991
35,2016-03-01,0.19889283435699873,0.010677508396659896,-0.01611314034715633,0.002557765258048435,-0.0036610884082859583,-0.023386135839085328,-0.02223236492264972,0.003143143641046904,0.0006993488039746115,-0.0305061614884747,-0.13364655420542423,0.06827591461803156,-0.021929649553034163,-0.02812041476114943,-0.07076304778944593,-0.007559318819937443,-0.08394796080065912,-0.03312852604714814,1.5277402392546604e-16,-0.15134986454355012,0.021989803297525465,-0.009187347681729855,0.053021165949254725,-0.0015759071897103074,-0.02628499084251469,-0.060041791413059445,-0.0543611778074066,-0.004855625443384762,-0.013009234197468602,-0.0029858598354699298,0.016151931916701827,0.0009643325487197346,0.016092434238933057,-0.028677409842406368,-0.041491631978007655,-0.00021771266696822035,-0.0026519153225013255,-0.06110780944948957,-0.007598120932989229,0.02233932422786585,-0.008005509915713641,-0.013964550346785207,0.0351314763853463,-0.004465238282654712,0.02359116698741196,0.017921418861038475,0.006111294658469855,-0.0018818147600771825,-0.00648032043847397,-0.015114458762913154,-0.004384235412304087,-0.038992519894721876,2.1204577041153064e-17,0.005378559350374277,-1.904986424258016e-16,0.09662055434414028,0.002044480750026209,-0.024278615637506294,-0.05022074680663744,-0.018888929991830856,0.07787137141796102,-0.019718801304628296,-3.516617668747855e-16,-0.061421146522432954,-0.09885320274203316,0.04943232524796594,0.02389896052853016,-0.08791560327146039,0.010862426561634747,0.06847909842369043,0.053735576280177236,0.02401716265313293,0.10032209743722251,0.03271999485035054,0.08761989077212089,-0.04600041187914519,0.6332257585455154,-0.016471130794192337,6.627720785549329e-18,0.015047851291838183,-0.015385521584005558,-0.028585966005723128,-0.010559903954512118,-0.06445931840844701,-0.01455695701711735,0.05585495379122442,0.11791653297665022,0.0,-0.012142088209606616,1994
36,2016-04-01,-0.006997847234608078,-0.015956836828179354,-0.008400123835669026,0.012853183653815183,-0.001113112808227908,-0.005246631263490236,0.016132980299189633,0.0028117467495091383,-0.036904156412284124,0.02380374222859695,0.03998263462241104,-0.09652415104037568,-0.00591763096613152,-0.023879130855286795,0.12375541102760726,0.060874764154531726,-0.031200709160946534,0.0565989381970077,5.107298958637309e-17,0.018933891075232814,-0.01418621899692151,0.004362928495050919,0.01920663737518423,0.022635904520648786,-0.023233859142532294,-0.0264999539156742,0.005399705760847947,0.04435111709837336,0.017650009344932466,-0.022946863079883868,-0.046076479068238946,0.05898607939704306,0.021767494832587993,-0.014367107876834229,-0.008357575725031367,0.02858840958850057,-0.004202954863187577,0.08386123540600797,0.05045115377145806,0.00891979997474759,-0.01636029655800382,-0.011919760165828349,0.02364047967289707,-0.02515848540941945,0.01773841500172242,-0.007934898055231038,-0.015121477161090656,0.06230526913689485,0.04040343021647817,-0.012715012746023165,-0.02550728441378073,-0.05057206462584875,4.3340088962803625e-17,0.01035040431997502,5.0125981630330214e-17,-0.052428984262054064,0.0031904863501135044,-0.005508898139320849,-0.011014230556578426,-0.042082950767182825,-0.046823074306909865,-0.029622888091178138,1.270178176067503e-17,0.019698091354715085,-0.020816419218401785,0.052143474132513454,-0.001990733587000631,0.04489054711479548,0.006350664906958419,-0.0068194124326419496,-0.03287200602257742,0.02495946232702532,0.0011210885129646223,0.017928602735173264,-0.020721449305130868,-0.004579640030485572,-0.1345577905594569,0.03451639136428055,7.446609330959503e-19,-0.035559433482648714,0.03294340427999528,-0.025739806824284416,-0.07827015967547586,0.03550924721760761,-0.03971384241389722,-0.016069310176362112,-0.024178826707316692,0.0,-0.012765392364313094,2008
37,2016-05-01,-0.012370674851503928,-0.004553941374032748,-0.0026633084892957854,0.0018816448934801347,-0.002135809053395583,-0.0030822265922524155,-0.008239873254663804,0.0007495178820809041,0.009977378937734177,-0.01093053256412082,0.06600111244366441,0.04861881491077868,0.004105183432118976,-0.04601476288183324,-0.06964685793938602,-0.004222092130770297,-0.04532233704085256,0.01194037240001532,-1.8682211121166157e-16,-0.043361255508465014,0.050875198641900043,0.026495060874594186,0.04109749990547304,0.037173897400026655,0.004807065085869443,0.0251817928991945,-0.007728216778917135,0.005544798671740923,0.024670624339211668,-0.019347346304272053,-0.05458226649264456,-0.020470244888640195,0.0027537384584381385,0.006219671960715276,-0.058682458852273106,0.020193864804968945,-0.00939713001423255,-0.03975657223934846,0.025669851529688176,0.018539403562161626,-0.004814934064319801,0.005086524735232476,0.00535937683795287,-0.0005815075250423128,0.02036670493751877,0.06064972005613149,-0.014624690303061422,-0.07962581915405646,0.2015363938788085,0.003994955489250892,0.0003701595748333616,-0.013320995163035906,-5.128986557949071e-18,-0.017399082584302835,5.860814151448814e-17,-0.03260544607733594,-0.0034837613076476575,-0.02770571898411377,-0.007927379195549075,-0.0012591903475845585,-0.010251273798977353,0.06439303662810848,-3.238379496503081e-17,-0.012735026604065973,-0.05545426377628433,-0.015219594211038683,-0.0443503217595067,-0.02068464650531607,-0.0166927334569411,-0.012745080315648732,0.020561809159442813,0.010302323134673828,0.03839630109671044,-0.0017850889184313997,0.024294428990045098,-0.009754934329345584,-0.06784072259707191,-0.035000626890520345,-2.1836558814965657e-18,0.03301454074058291,-0.03666399214193258,-0.008968631746843543,0.018395617171303835,-0.003851462344733356,0.03917990007620738,0.022695940154637072,0.021619599205606518,0.0,-0.03766696030064878,2004
38,2016-06-01,0.06370333465120695,-0.004132978008167476,-0.005940643775712582,-0.0022129091746611344,-0.0004138951658836341,0.006032016282303404,-0.019771541538008322,0.0031784913608690736,0.0004595256831585355,-0.03766109505896958,-0.15291718402509893,-0.0642525117151734,-0.06500415084090384,0.05560196178889376,0.019423267733972238,-0.0047231135098403584,-0.06274431912756563,0.09009417159965005,-3.195569332797972e-16,-0.0013364219187310677,-0.023719452629742836,0.004400528017928903,0.06177379621099034,-0.05850947187290409,-0.05087281163024776,-0.04318691904888218,0.11487224502797755,-0.01788776411767597,-0.032189086758737356,0.009030938081433453,-0.048480549204265325,-0.035212695742945305,0.011666378000775822,-0.003860740863184578,-0.06461821989847547,0.021440894781449418,-0.017041288581673975,-0.05004449036871949,0.01618141433769896,-0.034606649097819124,0.001753947472667129,-7.723093656272642e-05,0.01091531273729461,0.0010162477154697439,0.03284304004370391,0.017877680272333163,0.15168934419234742,0.01749830010790921,0.189897818642492,-0.013744566859047909,-0.036514480407104796,-0.05513348729165689,-1.7556873067638775e-16,-0.017352133673317834,1.08850488075069e-16,-0.050766207164477536,-0.00791471704775322,-0.04207224324935124,-0.008579353879907967,-0.05549735585656501,-0.04487159544684567,-0.029419977814030215,1.426561561041825e-16,0.06890993700573561,-0.009635261301363836,0.8621566019809628,-0.10809438300613147,-0.06882761038973972,0.02006278927783569,0.011031539351610102,0.024678784621088776,0.012201973542738876,0.006131174788630614,-0.014328562426314433,-0.013240789775087265,-0.024262076351996995,-0.035530927016862474,0.005254134232341789,-3.5424678630758245e-17,0.11268368015644933,-0.05712798280110784,-0.04855441013210508,-0.07031098050727157,0.013321141895750867,-0.04377762094014718,-0.06420560520907029,-0.09753192524272455,0.0,-0.014465288228818596,2002
39,2016-07-01,0.0029446619342565084,-0.010814438433786887,0.0007930006400347603,0.018181606290308648,-0.006325888415878455,-0.024138888825604315,-0.02174970524490364,-0.0053102682930967465,0.024727924633209844,-0.009566955932502563,0.02012537372522623,0.0452113901550876,0.020329929305553354,0.022543997596847755,0.04870744873079834,-0.05861249223714842,-0.03774742262830343,0.10034428043638743,-2.418678176148549e-16,-0.04407616227082424,0.006457736105300213,0.03242684643420647,0.04638269504257372,-0.029799607859617525,-0.005092874983749359,-0.01820287485297165,0.12267796966153807,-0.009111897283479642,0.03670436163336693,-0.025722280104265288,0.001572360488763671,0.03470499064313774,0.003187486035108742,0.042819758163865775,-0.008094783415826121,0.03582677650667458,0.03539249733994867,0.01320035484730318,0.006792162597255497,-0.013765920474755666,-0.025462386190772714,-0.01459797021496767,0.016518773859878974,-0.0072495432552481445,0.011065940781921083,0.006052089277755745,-0.07041181200698478,-0.01935218099556466,-0.08170511822795765,-0.007418927581944679,9.139336454994096e-05,0.004923351616322883,-1.0768592868820362e-17,-0.01353120937953257,9.193421329883662e-18,-0.036421759953235225,0.027833055346596896,0.01167590129667068,-0.03926252133665263,0.017702354796948278,0.01720082183154913,0.05880049367165611,-7.666286933054106e-17,-0.007790627904014027,-0.013691229053182496,0.0004062299455599625,-0.01528567264642893,0.12674624114059582,0.033344821113475254,-0.019895425305125756,-0.026199795137898878,-0.08212643802696715,-0.04474710395776702,-0.08614750191073113,0.04274499263384126,-0.029606279904340095,0.012010379980059625,-0.028660189799044427,-1.900599661374706e-17,-0.06861874861388711,0.030875297002348527,-0.014765854785211436,0.012506210156033815,-0.0007032564851188125,0.010352133160186443,-0.05558991943518547,-0.06434996325827046,0.0,0.020070472918840593,2023
40,2016-08-01,0.048915715178728045,-0.004204371970045449,0.006878563911441659,-0.0020853221594231675,0.002793509937909837,0.005226496670051905,-0.03099849231169489,0.009890982041249297,0.023478658265896984,0.009026671817332042,0.13101050395103703,-0.05299924376471003,0.012737099832815041,0.0950288983215869,0.003129570599527334,-0.007180704434376184,-0.05330765357087448,-0.05266865529468804,1.1291141951078311e-16,-0.031434949701236,0.010970550376803412,-0.026950577311666057,-0.039229050259512246,-0.02358133839950399,-0.03024454988937819,0.008130450544106289,0.0733232867364359,-0.022643416532941645,-0.03669742827596996,-0.05698604606031661,-0.02772166751884525,0.017986017891800137,0.0007592402038811754,-0.002707314720567339,0.038338139559980215,-0.009006830813208268,0.01264973701577948,0.042215794410495076,-0.022174472637075417,-0.02054618673030841,0.0079303657032019,-0.01304547077987582,-0.03203348238499548,0.0008038211432596872,-0.012811730324897222,-0.00696140526219086,0.0011626928967013242,-0.0399903948467189,-0.007940407134943428,-0.016720869627725475,-0.005629593852302004,0.0378887870740702,1.1799893252205275e-17,0.06549369819920488,-5.277338915803808e-18,0.03783562340814784,0.00109352137503981,0.0032161157731825677,-0.012077964176344545,-0.004261411348065888,-0.04498341310558484,-0.08419910819227569,-3.5288359566001383e-17,-0.038474680806005614,-0.028846079298797934,-0.03948814755955758,0.0035652871743490286,-0.08785233075156314,0.038658742268733406,0.00022312004215219693,-0.010177270637091661,0.007392560643550645,0.0474882674060943,0.021503634764770782,0.07641234394621381,0.09006551432407803,-0.0275695552856408,-0.009361172641537543,-3.1750650478937673e-19,0.06924501023284957,0.04866595815566424,0.023270540776939738,-0.008644144309794988,0.017855607597147757,0.024498498867717974,-0.011393195014072096,0.012561081449776407,0.0,0.015320873949464507,2049
41,2016-09-01,-0.005403017145641089,-0.0011943533230404607,-0.0001239326478389073,0.005480498216508006,0.001299091789519903,0.002037952857767566,-0.014738354790869867,-0.003414752157276331,0.0059217023662553395,0.005492732018914091,0.014124139392516395,-0.03370205930250809,3.154622625380272e-05,0.02246230453204368,0.018714582937758236,-0.0021733136861268355,-0.04310414283445923,-0.05211969277616033,-5.813390612364674e-17,0.0010238427236706335,-0.015488016874996456,-0.01668357066724604,-0.015015041969300282,-0.01048495934727283,-0.017480805850254376,0.07202331869209623,0.010564221916692956,0.03996486781279142,0.015201574622844969,-0.011580461046116283,0.010804695093861049,0.007385022284284941,0.007739855546608121,0.0033629665754064575,0.022405785278861765,-0.009910472638773767,0.02297982781626929,-6.861679178461408e-05,-0.021340931761033036,0.010741711923817114,-0.01174746876975989,0.008875163129161983,0.013386675941236312,-0.018440452617748272,-0.0008011964483302116,0.002124098364221277,-0.02687928625607337,-0.009962209403253604,-0.06724029576482485,-0.01230382184740927,-0.017706984379695093,-0.014545407773262256,4.709507219880068e-17,-0.014814531851856156,2.4351265132851554e-17,0.02576938959971759,-0.008854221865640619,-0.0054331281577474945,0.011650471779205779,-0.034880249591244514,-0.002574431362997077,-0.022760045124810262,1.289549725413783e-17,-0.03027929451097497,-0.015767409871139774,0.21205304415742376,-0.046095954170995344,0.0364149704079823,-0.018285248912317878,-0.016289590199821794,-0.011221057030508111,-0.011004616012838841,-0.023188745209986233,0.017431345250280436,0.004237407263080246,0.004315620463087208,-0.005612151818138062,0.006996327815077969,-5.3452070479321515e-19,0.05255711780211772,0.04050028302275094,0.007994652320592243,0.0007437853263570072,-0.02681340457786352,0.003945019015854659,-0.026103138818885055,0.03418671711496274,0.0,-0.024851673419287963,2067
42,2016-10-01,0.04839615404804161,0.0009072414520503948,0.010424819634873028,-0.0014765934657197687,-0.0039013299640620336,-0.0009901222722741175,0.006213476965781272,0.0028926321435274365,-0.010071148792916736,-0.016796497402105797,0.5686773526943916,-0.013000089823735066,0.02610591065859942,0.03355081562446434,0.03927258179243137,-0.03285478688954592,0.0028721887136423964,0.0011882361787474427,3.9496502015770064e-16,-0.02420850036961908,0.0002964897175927357,0.016601111115861877,0.025337886018783472,-0.016608475721449505,-0.007283002124419165,-0.007795170072039177,-0.045648996212031334,-0.06290841901192754,-0.030527414265099993,-0.028794670425411617,-0.005859013822961493,0.01718444768859127,-0.012734853998994848,-0.020039897670206863,-0.000528207409360667,-0.013892798088728422,-0.0028212691563833173,-0.00938061633368132,0.012726805589081585,0.0018429792342769587,-0.006751400953383592,-0.0074390228658423665,-0.012824196357431147,-0.004732360017515402,-0.021758802814458793,-0.024893692146221127,-0.025044132404985577,-0.010442327883047754,-0.006842722646149567,-0.02325426608691211,-0.03358148018581309,-0.010727158502502644,-6.541246054178822e-17,0.05947934961745933,-3.3262515524495516e-17,-0.03707839090975197,-0.0273109768299819,-0.021578004718677928,0.011652493218147722,-0.024303667241123428,-0.02573933878609232,-0.03091329196094566,6.842612100645138e-17,0.004870990355016255,0.030282765985153306,0.1600662798143837,-0.026190604275847965,0.08489829623713105,0.02061743213316544,-0.020352473079954376,-0.019444343420838308,-0.04747764425621302,-0.000465235411222445,-0.023246938919235842,0.04060262763766707,-0.05639274258471676,-0.012099566747231599,-0.008869384521229803,4.312521934425284e-18,-0.0928114507614328,-0.0471408093433643,-0.054940286877425706,0.10533350804550652,-0.030756708924980627,0.005880801141215159,-0.03413437549764897,-0.03915184430039689,0.0,-0.0005728741329938392,2077
43,2016-11-01,0.024980930584662678,0.0006063705995429373,0.028203395980715112,0.0031092987230901484,-0.005562591703417954,0.0007695363634125432,-0.032434281637747,0.003461996298885779,0.04029767423633653,0.0645332624749997,0.1867176859835689,-0.04549203574951006,0.0475956575935525,-0.010652901205781842,-0.10462057723499116,-0.0923832220750577,-0.031080722850189747,0.039719400151954895,-8.603541712401203e-17,-0.01687010063463727,-0.012283848636768116,0.023203355392632574,-0.0317266358796391,0.045243894567682054,0.01094125883568895,-0.012956098922529288,-0.050589023245300055,-0.02957290613863738,-0.010998023938000857,0.00794455146925108,-0.00269201666546531,-0.04008894860606133,0.002496802990678673,-0.0008824860701212432,0.0036964936675537093,0.02256503078239604,-0.003161247608296742,0.030525846090832694,0.01754753829876943,0.008081878876334903,0.008051575110745446,0.011914465029959777,-0.011843938683276736,0.05815830283622758,0.02778057588143377,-0.013751759722710848,0.014741744869586649,0.05035389269775855,-0.029753967414626895,-0.0296066816454343,-0.014865628005139011,-0.025607796543398585,5.701205118347484e-17,0.12174127797200188,7.203585096340061e-17,0.016846033642720547,-0.01516197319726243,0.021419031578717586,-0.037140836495044065,-0.010528351331225252,0.0027414875281197987,-0.020076524290302857,-6.612915479285799e-17,-0.03443873080349319,-0.011482394187840755,0.0547378828801815,-0.02616333995812787,-0.012310496977056995,0.04872674250281177,0.001047610448149312,0.0031251544476100174,-0.10042384486909091,0.005259409209387231,0.015102287191731796,0.021295900524327196,-0.013070151335753458,0.03505321594003744,0.02417735863274614,9.831872195943875e-19,0.009884623839031586,-0.011722700407281485,0.0018569907801414855,-0.0593184808925861,0.011643939862100623,0.004974346910691655,-0.009410487537609612,-0.058627334377866394,0.0,-0.015109362771337363,2094
44,2016-12-01,-0.03878669544437155,0.004875904586171938,-0.0004781699003740237,0.00020790631816661415,0.0034179920931512267,0.006776586269644929,0.035445561379093236,-0.00807807790361192,-0.04810667316629008,0.05352012701065968,-0.20886194257907484,-0.006070958085306596,0.025255675143050906,0.011274973383321455,-0.027338669140682215,0.12370179122265437,-0.021632189406541494,-0.02421083181343164,9.360991430281688e-17,0.0661731529692319,0.0074471062648668925,-0.01572996371818615,0.06746227802292298,-0.010458064759660046,0.061286149080547275,-0.005542185274986589,-0.02614478906453136,0.020307411886502605,0.0020393343703084916,0.027032505035504938,-0.03339463207242031,0.06525743268503346,0.026930981640754838,0.0036296303555841273,0.08576622354442677,0.025392607229572296,0.01643621797848697,0.023122742825130823,-0.027718572770809007,-0.017089085536385173,0.004007923984281542,-0.015678350476749196,0.003946616482375296,0.00714462773006643,0.005695726456345182,-0.013964512681588846,-0.015555144201127703,-0.019924884363464464,-0.03190038632706501,0.006775891583469274,0.0026257862286722744,-0.019265915682308843,9.848332738852036e-17,-0.023411507939173775,-4.070065666304334e-17,-0.030716589645421247,-0.0008211306959887599,0.05031217512680617,0.04958531237559409,0.0036314452319938934,0.004881586465077764,0.010530075652924126,-1.8158892664654476e-17,-0.06080231306044357,0.04742870430120442,-0.12292615830610312,-0.007220312971072253,0.006738901018615368,0.055318689882373,-0.025765259093559142,-0.051649367687751926,0.040629855683290195,-0.04791103195547229,0.021844349728552932,0.015233098019369472,-0.017157070363088493,-0.05986268680379747,0.011504594294076298,1.1162487539155427e-17,-0.03864781160039126,0.03197049506667854,-0.005330368706294265,-0.06211477097290713,-0.00924481192522104,-0.012276762933254923,-0.021877317863385915,0.004373166001252909,0.0,0.003214293071696366,2036
